gene	baseMean	log2FoldChange	lfcSE	stat	pvalue	padj
ENSG00000160191	76909.52336611587	3.0710764770323657	0.15523340685184756	19.783605470717752	4.121415068301265e-87	9.438040506409897e-85
ENSG00000154734	22857.376157839437	3.4414320589848773	0.17909207618421547	19.215992869751503	2.719810825032929e-82	3.1141833946627038e-80
ENSG00000154723	7341.668332046301	2.581454691890204	0.1638639597370923	15.753645255686234	6.483387131248631e-56	4.948985510186455e-54
ENSG00000180509	30222.0302181297	2.9426961078544145	0.20010540051090828	14.705730581689124	5.9228228002055184e-49	3.390816053117659e-47
ENSG00000183145	9990.953136692086	2.8903024032853026	0.2487204181891371	11.620688097618908	3.2352000763447485e-31	1.4817216349658946e-29
ENSG00000276289	11790.854013299726	2.859657016973884	0.464586865210025	6.155268758364754	7.495028259238409e-10	2.8606024522759925e-8
ENSG00000277277	724.4149119448568	0.9271997042445868	0.2640841544307329	3.511000901372837	4.4642288469635033e-4	0.014604405799352033
